id,feature_a,feature_b,score,category
0,95.93,495.32,335.56,cat_0
1,71.91,415.97,278.35,cat_1
2,85.06,25.8,49.5,cat_2
3,94.46,287.62,210.36,cat_3
4,77.56,283.65,201.21,cat_4
5,13.12,231.53,144.17,cat_0
6,46.6,211.91,145.79,cat_1
7,82.89,406.39,276.99,cat_2
8,94.23,311.18,224.4,cat_3
9,93.35,416.45,287.21,cat_4
10,44.99,455.9,291.54,cat_0
11,25.89,359.74,226.2,cat_1
12,33.87,359.19,229.06,cat_2
13,18.52,188.53,120.53,cat_3
14,15.37,287.56,178.68,cat_4
15,96.73,110.79,105.17,cat_0
16,3.49,16.79,11.47,cat_1
17,54.85,370.17,244.04,cat_2
18,44.95,269.73,179.82,cat_3
19,25.16,434.6,270.82,cat_4
20,4.62,374.1,226.31,cat_0
21,58.98,448.31,292.58,cat_1
22,35.01,304.74,196.85,cat_2
23,90.35,431.96,295.32,cat_3
24,63.44,327.1,221.64,cat_4
25,51.19,32.17,39.78,cat_0
26,96.43,165.65,137.96,cat_1
27,7.31,382.36,232.34,cat_2
28,50.35,281.65,189.13,cat_3
29,47.89,226.89,155.29,cat_4
30,30.21,387.55,244.61,cat_0
31,42.6,250.24,167.18,cat_1
32,36.75,176.68,120.71,cat_2
33,34.52,199.39,133.44,cat_3
34,54.96,202.62,143.56,cat_4
35,39.82,101.89,77.06,cat_0
36,65.45,259.66,181.98,cat_1
37,24.56,264.12,168.3,cat_2
38,18.48,71.89,50.53,cat_3
39,89.42,183.12,145.64,cat_4
40,78.74,491.18,326.2,cat_0
41,35.39,372.35,237.57,cat_1
42,92.08,346.96,245.01,cat_2
43,94.84,474.01,322.34,cat_3
44,12.5,89.37,58.62,cat_4
45,61.5,164.8,123.48,cat_0
46,99.67,399.34,279.47,cat_1
47,65.09,426.24,281.78,cat_2
48,1.98,277.9,167.53,cat_3
49,80.77,140.06,116.34,cat_4
50,25.9,76.66,56.36,cat_0
51,40.76,235.17,157.41,cat_1
52,97.0,15.85,48.31,cat_2
53,40.85,429.18,273.85,cat_3
54,36.28,402.92,256.26,cat_4
55,59.25,407.71,268.33,cat_0
56,10.16,381.36,232.88,cat_1
57,67.6,181.52,135.95,cat_2
58,18.69,137.65,90.07,cat_3
59,27.62,60.38,47.28,cat_4
60,60.23,35.53,45.41,cat_0
61,11.63,416.23,254.39,cat_1
62,77.93,259.54,186.9,cat_2
63,89.6,162.45,133.31,cat_3
64,72.9,188.12,142.03,cat_4
65,53.81,37.9,44.26,cat_0
66,9.38,115.86,73.27,cat_1
67,29.32,75.56,57.06,cat_2
68,46.45,42.54,44.1,cat_3
69,38.55,195.34,132.62,cat_4
70,87.91,110.01,101.17,cat_0
71,91.17,117.65,107.06,cat_1
72,4.01,367.71,222.23,cat_2
73,77.26,459.28,306.47,cat_3
74,35.69,113.34,82.28,cat_4
75,69.19,336.05,229.31,cat_0
76,1.8,477.43,287.18,cat_1
77,12.95,268.06,166.02,cat_2
78,3.3,18.97,12.7,cat_3
79,40.13,352.55,227.58,cat_4
80,60.03,491.72,319.04,cat_0
81,9.87,487.03,296.17,cat_1
82,66.62,115.55,95.98,cat_2
83,74.36,478.76,317.0,cat_3
84,62.06,194.66,141.62,cat_4
85,4.52,277.58,168.36,cat_0
86,49.24,34.36,40.31,cat_1
87,47.82,224.11,153.59,cat_2
88,1.03,241.74,145.46,cat_3
89,63.97,442.83,291.29,cat_4
90,98.15,45.12,66.33,cat_0
91,22.87,231.15,147.84,cat_1
92,87.07,163.43,132.89,cat_2
93,86.64,84.71,85.48,cat_3
94,4.24,384.22,232.23,cat_4
95,1.98,169.69,102.61,cat_0
96,66.86,322.43,220.2,cat_1
97,15.29,280.52,174.43,cat_2
98,4.32,379.54,229.45,cat_3
99,56.14,153.26,114.41,cat_4
100,84.57,53.14,65.71,cat_0
101,70.01,165.64,127.39,cat_1
102,71.26,456.81,302.59,cat_2
103,34.52,394.31,250.39,cat_3
104,73.65,214.15,157.95,cat_4
105,41.31,277.6,183.08,cat_0
106,26.28,350.98,221.1,cat_1
107,45.68,443.76,284.53,cat_2
108,88.01,23.48,49.29,cat_3
109,51.06,278.65,187.61,cat_4
110,19.51,373.85,232.11,cat_0
111,52.32,176.25,126.68,cat_1
112,26.22,425.14,265.57,cat_2
113,33.33,492.22,308.66,cat_3
114,5.86,207.04,126.57,cat_4
115,15.69,86.51,58.18,cat_0
116,44.71,140.55,102.21,cat_1
117,51.33,240.57,164.87,cat_2
118,46.54,200.62,138.99,cat_3
119,42.29,425.95,272.49,cat_4
120,65.99,353.93,238.75,cat_0
121,42.81,267.5,177.62,cat_1
122,35.04,31.48,32.9,cat_2
123,66.9,366.02,246.37,cat_3
124,97.32,360.49,255.22,cat_4
125,55.84,20.2,34.46,cat_0
126,88.98,278.06,202.43,cat_1
127,85.7,460.17,310.38,cat_2
128,86.14,490.26,328.61,cat_3
129,75.48,231.61,169.16,cat_4
130,4.08,367.16,221.93,cat_0
131,21.56,214.55,137.35,cat_1
132,87.49,288.73,208.23,cat_2
133,98.69,122.27,112.84,cat_3
134,11.98,110.89,71.33,cat_4
135,30.32,212.55,139.66,cat_0
136,64.87,232.4,165.39,cat_1
137,4.12,186.22,113.38,cat_2
138,67.09,202.24,148.18,cat_3
139,83.26,151.64,124.29,cat_4
140,89.9,48.22,64.89,cat_0
141,55.4,101.76,83.22,cat_1
142,89.64,214.49,164.55,cat_2
143,15.85,104.59,69.09,cat_3
144,21.95,483.93,299.14,cat_4
145,15.24,119.41,77.74,cat_0
146,21.45,186.0,120.18,cat_1
147,54.96,268.23,182.92,cat_2
148,57.54,180.82,131.51,cat_3
149,75.26,297.04,208.33,cat_4
150,46.46,358.94,233.95,cat_0
151,49.49,427.29,276.17,cat_1
152,33.59,484.2,303.96,cat_2
153,23.11,432.68,268.85,cat_3
154,81.35,459.67,308.34,cat_4
155,95.54,293.46,214.29,cat_0
156,90.03,239.89,179.95,cat_1
157,78.02,95.37,88.43,cat_2
158,35.94,268.85,175.69,cat_3
159,18.97,364.82,226.48,cat_4
160,76.26,469.44,312.17,cat_0
161,95.58,159.48,133.92,cat_1
162,93.88,17.63,48.13,cat_2
163,59.35,282.19,193.05,cat_3
164,96.37,203.29,160.52,cat_4
165,69.29,461.1,304.38,cat_0
166,67.89,270.85,189.67,cat_1
167,42.86,358.35,232.15,cat_2
168,76.05,213.78,158.69,cat_3
169,66.93,264.56,185.51,cat_4
170,22.42,307.24,193.31,cat_0
171,13.62,41.69,30.46,cat_1
172,98.54,76.35,85.23,cat_2
173,20.1,14.2,16.56,cat_3
174,33.09,14.26,21.79,cat_4
175,31.31,182.38,121.95,cat_0
176,5.72,20.9,14.83,cat_1
177,35.31,492.42,309.58,cat_2
178,61.67,21.04,37.29,cat_3
179,61.09,28.86,41.75,cat_4
180,94.62,75.26,83.0,cat_0
181,3.49,115.67,70.8,cat_1
182,35.68,322.52,207.78,cat_2
183,89.82,172.84,139.63,cat_3
184,66.11,26.0,42.04,cat_4
185,97.83,227.92,175.88,cat_0
186,45.82,384.89,249.26,cat_1
187,90.12,65.1,75.11,cat_2
188,32.29,438.6,276.08,cat_3
189,80.84,57.28,66.7,cat_4
190,1.64,368.03,221.47,cat_0
191,86.45,103.19,96.49,cat_1
192,72.96,107.47,93.67,cat_2
193,64.17,89.34,79.27,cat_3
194,33.49,107.5,77.9,cat_4
195,18.05,334.73,208.06,cat_0
196,49.47,408.66,264.98,cat_1
197,6.79,267.81,163.4,cat_2
198,74.25,244.23,176.24,cat_3
199,82.82,299.34,212.73,cat_4
200,12.9,339.85,209.07,cat_0
201,10.05,256.76,158.08,cat_1
202,87.76,149.0,124.5,cat_2
203,87.13,201.55,155.78,cat_3
204,1.21,474.05,284.91,cat_4
205,1.8,313.31,188.71,cat_0
206,6.62,89.2,56.17,cat_1
207,16.77,116.05,76.34,cat_2
208,38.49,341.03,220.01,cat_3
209,18.45,412.64,254.96,cat_4
210,36.6,427.18,270.95,cat_0
211,86.98,71.42,77.64,cat_1
212,92.21,182.66,146.48,cat_2
213,63.37,462.04,302.57,cat_3
214,68.16,432.98,287.05,cat_4
215,43.68,63.39,55.51,cat_0
216,5.92,126.34,78.17,cat_1
217,26.87,196.48,128.64,cat_2
218,84.13,199.14,153.14,cat_3
219,88.63,45.31,62.64,cat_4
220,24.44,209.31,135.36,cat_0
221,58.81,226.28,159.29,cat_1
222,28.7,200.18,131.59,cat_2
223,40.21,31.02,34.7,cat_3
224,74.17,479.75,317.52,cat_4
225,22.66,471.01,291.67,cat_0
226,17.55,353.12,218.89,cat_1
227,51.63,320.9,213.19,cat_2
228,22.38,306.89,193.09,cat_3
229,58.99,445.32,290.79,cat_4
230,55.04,206.71,146.04,cat_0
231,55.24,412.9,269.84,cat_1
232,93.64,455.06,310.49,cat_2
233,68.74,473.66,311.69,cat_3
234,17.62,271.49,169.94,cat_4
235,77.05,266.94,190.98,cat_0
236,5.4,459.68,277.97,cat_1
237,58.17,442.78,288.94,cat_2
238,1.52,389.33,234.21,cat_3
239,20.31,57.17,42.43,cat_4
240,98.91,256.15,193.25,cat_0
241,7.35,102.79,64.61,cat_1
242,38.93,492.67,311.17,cat_2
243,4.16,286.02,173.28,cat_3
244,66.97,290.55,201.12,cat_4
245,97.42,52.13,70.25,cat_0
246,12.3,199.46,124.6,cat_1
247,30.09,242.19,157.35,cat_2
248,75.4,334.84,231.06,cat_3
249,55.11,97.61,80.61,cat_4
250,78.24,129.54,109.02,cat_0
251,3.57,18.99,12.82,cat_1
252,46.07,376.39,244.26,cat_2
253,51.86,59.43,56.4,cat_3
254,11.13,274.53,169.17,cat_4
255,12.53,294.74,181.86,cat_0
256,72.5,151.04,119.62,cat_1
257,46.84,385.29,249.91,cat_2
258,41.72,350.75,227.14,cat_3
259,70.43,494.93,325.13,cat_4
260,84.82,199.91,153.87,cat_0
261,15.8,318.95,197.69,cat_1
262,64.51,31.03,44.42,cat_2
263,64.15,64.53,64.38,cat_3
264,22.51,393.35,245.01,cat_4
265,55.47,183.28,132.16,cat_0
266,17.65,216.42,136.91,cat_1
267,2.95,27.49,17.67,cat_2
268,19.98,361.0,224.59,cat_3
269,5.15,362.4,219.5,cat_4
270,81.11,449.53,302.16,cat_0
271,85.67,485.59,325.62,cat_1
272,55.51,73.27,66.17,cat_2
273,67.4,90.83,81.46,cat_3
274,49.82,179.74,127.77,cat_4
275,71.5,130.31,106.79,cat_0
276,43.76,310.05,203.53,cat_1
277,9.0,277.74,170.24,cat_2
278,75.97,149.44,120.05,cat_3
279,11.04,494.55,301.15,cat_4
280,20.95,279.76,176.24,cat_0
281,26.38,70.56,52.89,cat_1
282,31.18,82.48,61.96,cat_2
283,88.1,351.61,246.21,cat_3
284,74.57,400.59,270.18,cat_4
285,59.38,267.99,184.55,cat_0
286,86.82,380.96,263.3,cat_1
287,70.13,471.79,311.13,cat_2
288,90.14,434.98,297.04,cat_3
289,93.69,388.25,270.43,cat_4
290,20.96,224.58,143.13,cat_0
291,3.51,197.55,119.93,cat_1
292,47.95,408.3,264.16,cat_2
293,24.91,457.2,284.28,cat_3
294,48.05,280.25,187.37,cat_4
295,71.54,473.75,312.87,cat_0
296,86.34,107.31,98.92,cat_1
297,83.2,374.71,258.11,cat_2
298,32.19,145.08,99.92,cat_3
299,21.5,257.42,163.05,cat_4
300,56.29,228.09,159.37,cat_0
301,40.83,289.69,190.15,cat_1
302,88.08,20.46,47.51,cat_2
303,43.03,426.52,273.12,cat_3
304,20.22,225.1,143.15,cat_4
305,67.84,460.85,303.65,cat_0
306,30.8,41.72,37.35,cat_1
307,49.37,22.28,33.12,cat_2
308,64.11,332.56,225.18,cat_3
309,94.89,68.89,79.29,cat_4
310,10.89,308.02,189.17,cat_0
311,60.6,332.85,223.95,cat_1
312,93.28,425.4,292.55,cat_2
313,45.32,301.87,199.25,cat_3
314,82.23,290.07,206.93,cat_4
315,69.65,381.44,256.72,cat_0
316,96.69,190.12,152.75,cat_1
317,27.74,404.01,253.5,cat_2
318,63.05,168.78,126.49,cat_3
319,71.85,158.0,123.54,cat_4
320,7.52,112.22,70.34,cat_0
321,11.65,472.63,288.24,cat_1
322,96.63,254.99,191.65,cat_2
323,0.06,110.84,66.53,cat_3
324,53.42,250.12,171.44,cat_4
325,55.62,187.28,134.62,cat_0
326,12.96,203.64,127.37,cat_1
327,76.13,158.72,125.68,cat_2
328,19.83,20.09,19.99,cat_3
329,14.38,164.1,104.21,cat_4
330,81.48,462.38,310.02,cat_0
331,92.02,120.75,109.26,cat_1
332,77.9,148.75,120.41,cat_2
333,94.36,51.01,68.35,cat_3
334,61.92,494.44,321.43,cat_4
335,26.45,45.88,38.11,cat_0
336,9.2,402.91,245.43,cat_1
337,79.04,70.57,73.96,cat_2
338,40.0,429.49,273.69,cat_3
339,39.25,302.0,196.9,cat_4
340,56.27,278.69,189.72,cat_0
341,64.15,443.05,291.49,cat_1
342,68.39,298.04,206.18,cat_2
343,82.85,204.98,156.13,cat_3
344,2.46,137.46,83.46,cat_4
345,72.55,321.15,221.71,cat_0
346,83.27,301.66,214.3,cat_1
347,91.29,10.69,42.93,cat_2
348,45.61,435.7,279.66,cat_3
349,87.11,362.48,252.33,cat_4
350,51.42,413.09,268.42,cat_0
351,89.54,189.91,149.76,cat_1
352,29.11,313.31,199.63,cat_2
353,25.98,142.03,95.61,cat_3
354,2.7,238.32,144.07,cat_4
355,98.63,15.39,48.69,cat_0
356,10.83,270.59,166.69,cat_1
357,72.48,35.3,50.17,cat_2
358,60.61,268.0,185.04,cat_3
359,68.39,163.71,125.58,cat_4
360,85.91,161.24,131.11,cat_0
361,79.98,430.77,290.45,cat_1
362,86.11,173.55,138.57,cat_2
363,14.32,187.99,118.52,cat_3
364,48.42,172.04,122.59,cat_4
365,74.53,355.27,242.97,cat_0
366,2.81,372.63,224.7,cat_1
367,60.39,122.11,97.42,cat_2
368,57.48,229.75,160.84,cat_3
369,67.52,460.81,303.49,cat_4
370,56.01,242.95,168.17,cat_0
371,92.89,312.25,224.51,cat_1
372,75.78,157.0,124.51,cat_2
373,13.73,320.68,197.9,cat_3
374,32.26,366.02,232.52,cat_4
375,73.18,147.52,117.78,cat_0
376,25.45,72.91,53.93,cat_1
377,35.98,391.08,249.04,cat_2
378,67.8,222.79,160.79,cat_3
379,32.53,112.97,80.79,cat_4
380,86.84,170.01,136.74,cat_0
381,61.85,482.91,314.49,cat_1
382,33.82,226.35,149.34,cat_2
383,46.36,381.07,247.19,cat_3
384,15.18,48.25,35.02,cat_4
385,37.63,119.34,86.66,cat_0
386,35.36,109.13,79.62,cat_1
387,45.83,160.02,114.34,cat_2
388,23.77,352.12,220.78,cat_3
389,98.77,78.69,86.72,cat_4
390,28.39,376.86,237.47,cat_0
391,19.5,36.61,29.77,cat_1
392,49.97,226.27,155.75,cat_2
393,66.31,48.07,55.37,cat_3
394,64.98,60.26,62.15,cat_4
395,49.29,398.03,258.53,cat_0
396,40.35,320.89,208.67,cat_1
397,47.92,122.82,92.86,cat_2
398,36.12,425.05,269.48,cat_3
399,69.62,335.24,228.99,cat_4
400,73.84,146.84,117.64,cat_0
401,53.39,193.52,137.47,cat_1
402,34.92,124.41,88.61,cat_2
403,88.43,341.29,240.15,cat_3
404,42.94,219.52,148.89,cat_4
405,47.31,425.31,274.11,cat_0
406,0.33,473.1,283.99,cat_1
407,89.1,46.2,63.36,cat_2
408,34.08,36.35,35.44,cat_3
409,98.23,49.93,69.25,cat_4
410,8.87,348.7,212.77,cat_0
411,93.99,445.28,304.76,cat_1
412,15.36,110.16,72.24,cat_2
413,9.96,170.09,106.04,cat_3
414,74.49,263.07,187.64,cat_4
415,60.03,172.07,127.25,cat_0
416,35.15,228.72,151.29,cat_1
417,76.66,341.04,235.29,cat_2
418,41.27,303.05,198.34,cat_3
419,78.81,156.28,125.29,cat_4
420,2.0,202.12,122.07,cat_0
421,6.27,124.39,77.14,cat_1
422,88.29,484.89,326.25,cat_2
423,86.64,339.03,238.07,cat_3
424,77.12,381.96,260.02,cat_4
425,98.19,146.74,127.32,cat_0
426,28.32,22.83,25.03,cat_1
427,74.04,110.21,95.74,cat_2
428,86.49,462.12,311.87,cat_3
429,82.7,413.14,280.96,cat_4
430,23.22,383.7,239.51,cat_0
431,27.02,21.41,23.65,cat_1
432,11.6,105.46,67.92,cat_2
433,83.36,389.13,266.82,cat_3
434,55.15,438.56,285.2,cat_4
435,34.79,359.87,229.84,cat_0
436,94.42,358.12,252.64,cat_1
437,9.41,195.23,120.9,cat_2
438,93.68,285.83,208.97,cat_3
439,2.44,383.26,230.93,cat_4
440,64.28,250.69,176.13,cat_0
441,73.8,372.23,252.86,cat_1
442,81.01,180.37,140.63,cat_2
443,75.58,336.17,231.93,cat_3
444,23.9,459.39,285.19,cat_4
445,92.87,411.76,284.2,cat_0
446,91.95,134.25,117.33,cat_1
447,39.94,410.59,262.33,cat_2
448,78.73,180.2,139.61,cat_3
449,81.68,472.86,316.39,cat_4
450,23.04,410.55,255.55,cat_0
451,53.82,412.33,268.93,cat_1
452,52.64,20.93,33.61,cat_2
453,97.97,340.23,243.33,cat_3
454,26.04,272.84,174.12,cat_4
455,64.21,172.83,129.38,cat_0
456,12.39,490.67,299.36,cat_1
457,44.49,94.5,74.5,cat_2
458,55.88,381.39,251.19,cat_3
459,0.69,269.38,161.9,cat_4
460,93.32,244.87,184.25,cat_0
461,77.17,154.57,123.61,cat_1
462,64.12,221.94,158.81,cat_2
463,21.08,281.79,177.51,cat_3
464,86.37,471.32,317.34,cat_4
465,57.43,359.23,238.51,cat_0
466,25.13,121.84,83.16,cat_1
467,66.21,349.94,236.45,cat_2
468,28.14,415.41,260.5,cat_3
469,17.91,125.76,82.62,cat_4
470,65.31,201.41,146.97,cat_0
471,83.24,496.24,331.04,cat_1
472,50.97,171.44,123.25,cat_2
473,82.64,185.36,144.27,cat_3
474,47.72,230.52,157.4,cat_4
475,50.85,200.98,140.93,cat_0
476,17.27,304.58,189.66,cat_1
477,47.91,165.73,118.6,cat_2
478,42.21,246.29,164.66,cat_3
479,45.6,19.77,30.1,cat_4
480,97.82,253.91,191.47,cat_0
481,84.05,497.94,332.38,cat_1
482,46.69,87.83,71.37,cat_2
483,42.88,158.41,112.2,cat_3
484,68.19,335.84,228.78,cat_4
485,82.11,34.34,53.45,cat_0
486,21.94,416.81,258.86,cat_1
487,60.21,272.97,187.87,cat_2
488,27.28,74.89,55.85,cat_3
489,78.32,390.75,265.78,cat_4
490,70.6,448.39,297.27,cat_0
491,93.87,484.41,328.19,cat_1
492,42.95,339.66,220.98,cat_2
493,24.04,263.67,167.82,cat_3
494,32.88,12.61,20.72,cat_4
495,11.58,223.38,138.66,cat_0
496,79.87,164.36,130.56,cat_1
497,34.0,204.36,136.22,cat_2
498,34.82,85.14,65.01,cat_3
499,26.97,375.41,236.03,cat_4
500,1.96,10.89,7.32,cat_0
501,94.24,144.51,124.4,cat_1
502,81.24,399.68,272.3,cat_2
503,57.26,430.07,280.95,cat_3
504,94.45,260.22,193.91,cat_4
505,4.63,96.45,59.72,cat_0
506,4.86,98.8,61.22,cat_1
507,68.02,202.41,148.65,cat_2
508,55.32,437.55,284.66,cat_3
509,74.64,113.33,97.85,cat_4
510,15.22,171.72,109.12,cat_0
511,51.38,55.39,53.79,cat_1
512,43.84,54.87,50.46,cat_2
513,79.45,475.47,317.06,cat_3
514,87.88,418.07,285.99,cat_4
515,30.37,431.21,270.87,cat_0
516,12.95,204.78,128.05,cat_1
517,37.29,306.7,198.94,cat_2
518,14.05,383.39,235.65,cat_3
519,13.02,423.87,259.53,cat_4
520,21.15,172.01,111.67,cat_0
521,42.56,425.63,272.4,cat_1
522,44.36,55.22,50.88,cat_2
523,52.74,463.75,299.35,cat_3
524,10.76,141.6,89.26,cat_4
525,80.15,244.37,178.68,cat_0
526,70.25,122.94,101.86,cat_1
527,27.27,414.84,259.81,cat_2
528,62.24,412.59,272.45,cat_3
529,53.57,57.33,55.83,cat_4
530,71.33,45.77,55.99,cat_0
531,2.98,496.16,298.89,cat_1
532,75.96,171.35,133.19,cat_2
533,91.53,373.94,260.98,cat_3
534,80.21,367.27,252.45,cat_4
535,72.56,328.67,226.23,cat_0
536,61.33,451.45,295.4,cat_1
537,13.64,362.93,223.21,cat_2
538,0.05,212.1,127.28,cat_3
539,33.36,482.44,302.81,cat_4
540,72.47,292.26,204.34,cat_0
541,73.78,478.85,316.82,cat_1
542,30.25,319.74,203.94,cat_2
543,73.98,321.83,222.69,cat_3
544,41.39,346.0,224.16,cat_4
545,28.55,468.72,292.65,cat_0
546,0.88,244.14,146.84,cat_1
547,29.99,170.79,114.47,cat_2
548,45.71,86.32,70.08,cat_3
549,20.93,138.91,91.72,cat_4
550,76.38,229.34,168.16,cat_0
551,90.49,286.24,207.94,cat_1
552,75.32,450.47,300.41,cat_2
553,60.95,99.85,84.29,cat_3
554,13.03,280.67,173.61,cat_4
555,4.86,206.75,125.99,cat_0
556,32.45,420.44,265.24,cat_1
557,73.16,428.93,286.62,cat_2
558,94.78,484.44,328.58,cat_3
559,39.19,429.73,273.51,cat_4
560,66.52,419.08,278.06,cat_0
561,55.78,329.36,219.93,cat_1
562,13.89,50.81,36.04,cat_2
563,44.61,92.15,73.13,cat_3
564,71.29,471.02,311.13,cat_4
565,37.98,173.6,119.35,cat_0
566,70.69,299.87,208.2,cat_1
567,46.62,226.75,154.7,cat_2
568,75.16,283.99,200.46,cat_3
569,80.58,435.92,293.78,cat_4
570,10.36,484.18,294.65,cat_0
571,57.63,344.8,229.93,cat_1
572,32.45,205.4,136.22,cat_2
573,28.18,37.9,34.01,cat_3
574,22.44,463.39,287.01,cat_4
575,20.35,478.38,295.17,cat_0
576,59.95,391.57,258.92,cat_1
577,77.55,351.39,241.85,cat_2
578,27.24,211.2,137.62,cat_3
579,39.68,14.89,24.81,cat_4
580,34.6,462.95,291.61,cat_0
581,25.17,136.96,92.24,cat_1
582,89.3,411.72,282.75,cat_2
583,54.5,227.42,158.25,cat_3
584,30.34,292.09,187.39,cat_4
585,87.38,288.07,207.79,cat_0
586,42.59,82.19,66.35,cat_1
587,21.17,443.86,274.78,cat_2
588,2.49,202.94,122.76,cat_3
589,2.75,164.17,99.6,cat_4
590,20.11,264.81,166.93,cat_0
591,48.76,88.05,72.33,cat_1
592,19.5,210.85,134.31,cat_2
593,95.68,379.37,265.89,cat_3
594,88.92,135.81,117.05,cat_4
595,94.01,110.88,104.13,cat_0
596,1.17,324.79,195.34,cat_1
597,33.87,244.54,160.27,cat_2
598,64.75,463.6,304.06,cat_3
599,29.65,45.25,39.01,cat_4
600,79.04,461.48,308.5,cat_0
601,72.53,143.12,114.88,cat_1
602,77.37,153.69,123.16,cat_2
603,12.04,290.73,179.25,cat_3
604,39.77,447.68,284.52,cat_4
605,87.29,101.65,95.91,cat_0
606,80.03,17.77,42.67,cat_1
607,49.47,476.33,305.59,cat_2
608,58.9,322.83,217.26,cat_3
609,8.78,225.61,138.88,cat_4
610,42.07,172.2,120.15,cat_0
611,55.02,222.3,155.39,cat_1
612,89.2,226.05,171.31,cat_2
613,36.62,223.73,148.89,cat_3
614,97.71,287.8,211.76,cat_4
615,0.56,164.06,98.66,cat_0
616,89.84,172.24,139.28,cat_1
617,0.92,357.48,214.86,cat_2
618,14.44,275.36,170.99,cat_3
619,80.42,386.03,263.79,cat_4
620,70.77,354.09,240.76,cat_0
621,68.65,14.73,36.3,cat_1
622,90.09,306.62,220.01,cat_2
623,42.71,127.85,93.79,cat_3
624,75.61,35.16,51.34,cat_4
625,70.54,138.94,111.58,cat_0
626,39.53,285.94,187.38,cat_1
627,82.0,399.73,272.64,cat_2
628,43.32,246.04,164.95,cat_3
629,20.55,359.51,223.93,cat_4
630,17.41,19.08,18.41,cat_0
631,54.21,252.16,172.98,cat_1
632,59.51,141.56,108.74,cat_2
633,77.52,260.46,187.28,cat_3
634,6.63,182.03,111.87,cat_4
635,2.49,277.37,167.42,cat_0
636,88.6,61.67,72.44,cat_1
637,47.15,478.32,305.85,cat_2
638,88.86,414.74,284.39,cat_3
639,82.3,339.62,236.69,cat_4
640,10.7,375.88,229.81,cat_0
641,43.0,202.18,138.51,cat_1
642,91.45,114.59,105.33,cat_2
643,2.63,35.85,22.56,cat_3
644,54.8,60.53,58.24,cat_4
645,5.89,437.08,264.6,cat_0
646,8.35,385.9,234.88,cat_1
647,79.64,10.01,37.86,cat_2
648,4.71,331.27,200.65,cat_3
649,43.93,348.15,226.46,cat_4
650,7.23,240.28,147.06,cat_0
651,74.56,200.28,149.99,cat_1
652,33.21,338.04,216.11,cat_2
653,97.45,279.56,206.72,cat_3
654,88.07,282.16,204.52,cat_4
655,72.65,244.54,175.78,cat_0
656,44.18,316.36,207.49,cat_1
657,49.91,364.79,238.84,cat_2
658,50.08,366.56,239.97,cat_3
659,75.92,344.48,237.06,cat_4
660,77.01,408.78,276.07,cat_0
661,60.85,463.38,302.37,cat_1
662,27.44,404.48,253.66,cat_2
663,79.46,394.46,268.46,cat_3
664,54.81,140.91,106.47,cat_4
665,84.38,308.19,218.67,cat_0
666,21.44,404.01,250.98,cat_1
667,57.29,125.66,98.31,cat_2
668,92.4,209.34,162.56,cat_3
669,74.5,200.34,150.0,cat_4
670,62.24,463.15,302.79,cat_0
671,13.09,188.18,118.14,cat_1
672,95.44,96.64,96.16,cat_2
673,63.21,111.14,91.97,cat_3
674,77.38,322.48,224.44,cat_4
675,26.69,92.09,65.93,cat_0
676,31.92,393.21,248.69,cat_1
677,3.99,368.98,222.98,cat_2
678,88.43,381.54,264.3,cat_3
679,27.41,226.95,147.13,cat_4
680,40.75,116.95,86.47,cat_0
681,24.59,21.09,22.49,cat_1
682,47.61,218.33,150.04,cat_2
683,57.81,139.63,106.9,cat_3
684,96.67,421.01,291.27,cat_4
685,1.12,330.98,199.04,cat_0
686,89.45,107.93,100.54,cat_1
687,83.89,226.16,169.25,cat_2
688,45.63,457.52,292.76,cat_3
689,83.04,282.58,202.76,cat_4
690,18.75,212.54,135.02,cat_0
691,85.38,158.87,129.47,cat_1
692,33.8,458.38,288.55,cat_2
693,82.11,375.28,258.01,cat_3
694,24.46,426.59,265.74,cat_4
695,32.27,485.08,303.96,cat_0
696,98.47,263.46,197.46,cat_1
697,47.36,387.44,251.41,cat_2
698,72.9,158.42,124.21,cat_3
699,65.54,367.35,246.63,cat_4
700,82.43,186.02,144.58,cat_0
701,78.05,225.08,166.27,cat_1
702,78.96,240.96,176.16,cat_2
703,29.28,341.51,216.62,cat_3
704,93.4,203.52,159.47,cat_4
705,84.28,29.41,51.36,cat_0
706,16.9,301.15,187.45,cat_1
707,30.18,17.4,22.51,cat_2
708,19.65,488.06,300.7,cat_3
709,82.69,260.65,189.47,cat_4
710,12.99,338.46,208.27,cat_0
711,74.31,113.27,97.69,cat_1
712,13.77,114.68,74.32,cat_2
713,84.74,321.13,226.57,cat_3
714,55.57,416.52,272.14,cat_4
715,60.02,435.76,285.46,cat_0
716,40.98,465.45,295.66,cat_1
717,39.71,384.49,246.58,cat_2
718,62.68,322.22,218.4,cat_3
719,89.29,253.5,187.82,cat_4
720,83.81,318.98,224.91,cat_0
721,87.95,432.21,294.51,cat_1
722,26.78,221.92,143.86,cat_2
723,84.39,391.29,268.53,cat_3
724,57.47,199.98,142.98,cat_4
725,93.37,448.09,306.2,cat_0
726,93.38,434.01,297.76,cat_1
727,80.83,234.15,172.82,cat_2
728,75.09,375.81,255.52,cat_3
729,66.54,319.13,218.09,cat_4
730,64.08,425.4,280.87,cat_0
731,29.14,334.78,212.52,cat_1
732,28.21,169.79,113.16,cat_2
733,1.82,144.41,87.37,cat_3
734,56.91,492.31,318.15,cat_4
735,32.54,67.63,53.59,cat_0
736,34.85,492.39,309.37,cat_1
737,66.68,118.97,98.05,cat_2
738,16.14,211.85,133.57,cat_3
739,74.64,339.51,233.56,cat_4
740,70.98,194.78,145.26,cat_0
741,29.19,251.33,162.47,cat_1
742,29.57,294.71,188.65,cat_2
743,34.28,132.17,93.01,cat_3
744,14.42,221.09,138.42,cat_4
745,11.35,57.6,39.1,cat_0
746,35.08,86.21,65.76,cat_1
747,19.3,254.97,160.7,cat_2
748,40.36,291.14,190.83,cat_3
749,17.38,194.28,123.52,cat_4
750,97.0,439.31,302.39,cat_0
751,84.28,163.4,131.75,cat_1
752,14.08,338.52,208.74,cat_2
753,44.96,308.66,203.18,cat_3
754,60.47,76.31,69.97,cat_4
755,85.75,366.98,254.49,cat_0
756,74.82,119.49,101.62,cat_1
757,38.21,468.35,296.29,cat_2
758,95.84,446.3,306.12,cat_3
759,94.33,165.67,137.13,cat_4
760,7.1,114.02,71.25,cat_0
761,73.19,422.1,282.54,cat_1
762,17.06,314.43,195.48,cat_2
763,67.32,278.18,193.84,cat_3
764,37.83,190.86,129.65,cat_4
765,62.31,233.74,165.17,cat_0
766,16.91,99.74,66.61,cat_1
767,16.15,425.85,261.97,cat_2
768,27.93,385.61,242.54,cat_3
769,8.55,180.69,111.83,cat_4
770,44.46,23.08,31.63,cat_0
771,93.87,214.52,166.26,cat_1
772,42.95,161.79,114.25,cat_2
773,90.4,277.49,202.65,cat_3
774,79.76,73.99,76.3,cat_4
775,2.59,422.76,254.69,cat_0
776,16.81,130.2,84.84,cat_1
777,99.0,105.16,102.7,cat_2
778,31.48,49.59,42.35,cat_3
779,23.39,351.67,220.36,cat_4
780,23.33,126.36,85.15,cat_0
781,75.36,494.96,327.12,cat_1
782,96.07,387.38,270.86,cat_2
783,68.76,58.53,62.62,cat_3
784,49.16,119.98,91.65,cat_4
785,83.71,53.16,65.38,cat_0
786,70.37,176.7,134.17,cat_1
787,28.76,65.25,50.65,cat_2
788,35.04,424.63,268.79,cat_3
789,65.16,198.54,145.19,cat_4
790,36.45,495.28,311.75,cat_0
791,95.68,304.81,221.16,cat_1
792,84.29,447.93,302.47,cat_2
793,34.24,87.58,66.24,cat_3
794,75.68,20.26,42.43,cat_4
795,25.06,486.66,302.02,cat_0
796,47.32,231.27,157.69,cat_1
797,32.42,343.0,218.77,cat_2
798,44.33,388.11,250.6,cat_3
799,43.73,464.73,296.33,cat_4
800,89.74,418.99,287.29,cat_0
801,91.63,395.34,273.86,cat_1
802,29.68,99.22,71.4,cat_2
803,90.54,82.38,85.64,cat_3
804,85.85,440.56,298.68,cat_4
805,69.08,460.95,304.2,cat_0
806,64.05,97.85,84.33,cat_1
807,59.54,249.92,173.77,cat_2
808,5.68,231.03,140.89,cat_3
809,81.17,174.65,137.26,cat_4
810,34.08,276.96,179.81,cat_0
811,71.15,89.73,82.3,cat_1
812,7.08,156.53,96.75,cat_2
813,9.81,346.89,212.06,cat_3
814,25.74,421.25,263.05,cat_4
815,25.67,370.99,232.86,cat_0
816,36.08,122.61,88.0,cat_1
817,99.82,191.81,155.01,cat_2
818,8.01,24.23,17.74,cat_3
819,28.55,125.2,86.54,cat_4
820,86.51,87.19,86.92,cat_0
821,22.94,411.16,255.87,cat_1
822,26.12,486.83,302.55,cat_2
823,45.59,94.2,74.76,cat_3
824,17.62,394.49,243.74,cat_4
825,69.48,334.49,228.49,cat_0
826,71.27,43.11,54.37,cat_1
827,63.98,469.9,307.53,cat_2
828,59.63,344.99,230.85,cat_3
829,89.12,119.76,107.5,cat_4
830,28.84,58.6,46.7,cat_0
831,72.24,157.28,123.26,cat_1
832,75.23,27.61,46.66,cat_2
833,11.99,82.42,54.25,cat_3
834,17.22,108.67,72.09,cat_4
835,49.23,69.79,61.57,cat_0
836,14.07,241.93,150.79,cat_1
837,48.78,266.4,179.35,cat_2
838,52.81,295.1,198.18,cat_3
839,51.66,185.68,132.07,cat_4
840,65.98,33.3,46.37,cat_0
841,73.35,335.06,230.38,cat_1
842,88.19,30.02,53.29,cat_2
843,78.67,375.0,256.47,cat_3
844,92.63,146.33,124.85,cat_4
845,24.44,238.26,152.73,cat_0
846,56.26,248.8,171.78,cat_1
847,59.55,186.61,135.79,cat_2
848,81.33,378.21,259.46,cat_3
849,65.41,303.94,208.53,cat_4
850,84.11,212.61,161.21,cat_0
851,63.16,367.17,245.57,cat_1
852,97.54,481.71,328.04,cat_2
853,33.22,274.92,178.24,cat_3
854,19.77,373.95,232.28,cat_4
855,96.39,497.15,336.85,cat_0
856,43.95,151.18,108.29,cat_1
857,73.36,496.4,327.18,cat_2
858,74.01,456.29,303.38,cat_3
859,26.72,160.94,107.25,cat_4
860,25.3,397.13,248.4,cat_0
861,14.77,430.73,264.35,cat_1
862,34.55,372.76,237.48,cat_2
863,38.25,80.59,63.65,cat_3
864,60.26,67.14,64.39,cat_4
865,89.24,74.74,80.54,cat_0
866,43.47,133.59,97.54,cat_1
867,7.08,142.07,88.07,cat_2
868,10.15,82.06,53.3,cat_3
869,78.02,132.75,110.86,cat_4
870,63.11,129.77,103.11,cat_0
871,38.97,375.48,240.88,cat_1
872,78.12,229.53,168.97,cat_2
873,13.78,55.36,38.73,cat_3
874,48.89,487.79,312.23,cat_4
875,1.78,210.21,126.84,cat_0
876,12.8,288.46,178.2,cat_1
877,39.28,346.8,223.79,cat_2
878,71.85,279.39,196.37,cat_3
879,82.21,272.25,196.23,cat_4
880,70.79,168.89,129.65,cat_0
881,62.63,428.53,282.17,cat_1
882,95.13,258.71,193.28,cat_2
883,71.2,186.8,140.56,cat_3
884,12.52,40.05,29.04,cat_4
885,48.56,188.75,132.67,cat_0
886,31.66,300.65,193.05,cat_1
887,88.45,16.7,45.4,cat_2
888,79.33,81.87,80.85,cat_3
889,38.08,498.17,314.13,cat_4
890,88.33,33.18,55.24,cat_0
891,2.24,479.42,288.55,cat_1
892,14.93,156.89,100.11,cat_2
893,78.3,109.51,97.03,cat_3
894,80.67,442.93,298.03,cat_4
895,67.4,310.91,213.51,cat_0
896,70.08,416.85,278.14,cat_1
897,63.64,223.78,159.72,cat_2
898,41.57,100.68,77.04,cat_3
899,86.93,53.09,66.63,cat_4
900,74.26,303.46,211.78,cat_0
901,95.86,133.91,118.69,cat_1
902,5.99,393.43,238.45,cat_2
903,76.3,16.56,40.46,cat_3
904,45.39,327.59,214.71,cat_4
905,82.66,149.8,122.94,cat_0
906,57.25,483.18,312.81,cat_1
907,90.53,167.62,136.78,cat_2
908,81.05,120.02,104.43,cat_3
909,62.44,320.18,217.08,cat_4
910,7.87,52.48,34.64,cat_0
911,29.42,457.96,286.54,cat_1
912,72.77,258.19,184.02,cat_2
913,42.23,142.47,102.37,cat_3
914,77.16,41.4,55.7,cat_4
915,65.94,230.59,164.73,cat_0
916,69.32,342.31,233.11,cat_1
917,21.24,241.19,153.21,cat_2
918,40.03,69.76,57.87,cat_3
919,25.03,177.39,116.45,cat_4
920,72.69,368.68,250.28,cat_0
921,72.42,69.76,70.82,cat_1
922,8.04,383.96,233.59,cat_2
923,71.38,131.05,107.18,cat_3
924,70.1,26.18,43.75,cat_4
925,62.1,179.82,132.73,cat_0
926,12.58,60.71,41.46,cat_1
927,75.84,291.75,205.39,cat_2
928,83.49,225.26,168.55,cat_3
929,90.89,185.52,147.67,cat_4
930,37.14,255.13,167.93,cat_0
931,81.46,420.02,284.6,cat_1
932,85.07,383.66,264.22,cat_2
933,3.12,393.07,237.09,cat_3
934,43.75,284.72,188.33,cat_4
935,54.76,443.91,288.25,cat_0
936,20.53,408.08,253.06,cat_1
937,76.96,495.53,328.1,cat_2
938,95.72,17.51,48.79,cat_3
939,98.61,141.65,124.43,cat_4
940,38.16,18.02,26.08,cat_0
941,36.3,287.88,187.25,cat_1
942,31.87,44.54,39.47,cat_2
943,60.94,349.61,234.14,cat_3
944,82.79,159.94,129.08,cat_4
945,82.49,458.61,308.16,cat_0
946,51.71,395.89,258.22,cat_1
947,62.64,414.51,273.76,cat_2
948,29.72,184.11,122.35,cat_3
949,35.99,286.78,186.46,cat_4
950,93.18,67.63,77.85,cat_0
951,79.53,308.61,216.98,cat_1
952,73.23,283.56,199.43,cat_2
953,95.13,141.19,122.77,cat_3
954,61.61,84.6,75.4,cat_4
955,51.43,417.01,270.78,cat_0
956,85.14,450.68,304.46,cat_1
957,29.38,249.82,161.64,cat_2
958,27.05,154.64,103.6,cat_3
959,52.45,302.09,202.23,cat_4
960,64.9,179.01,133.37,cat_0
961,69.64,227.93,164.61,cat_1
962,36.31,171.81,117.61,cat_2
963,95.83,72.7,81.95,cat_3
964,19.48,443.76,274.05,cat_4
965,81.19,173.89,136.81,cat_0
966,99.18,94.26,96.23,cat_1
967,2.75,294.26,177.66,cat_2
968,74.45,145.68,117.19,cat_3
969,91.74,136.19,118.41,cat_4
970,36.6,448.78,283.91,cat_0
971,57.71,179.09,130.54,cat_1
972,97.46,135.88,120.51,cat_2
973,83.39,152.0,124.56,cat_3
974,9.37,451.91,274.89,cat_4
975,14.93,267.38,166.4,cat_0
976,28.63,170.87,113.97,cat_1
977,5.81,324.98,197.31,cat_2
978,0.69,190.01,114.28,cat_3
979,77.07,397.24,269.17,cat_4
980,50.6,331.46,219.12,cat_0
981,8.18,118.05,74.1,cat_1
982,45.78,13.46,26.39,cat_2
983,18.73,390.7,241.91,cat_3
984,70.8,414.33,276.92,cat_4
985,79.31,91.18,86.43,cat_0
986,78.26,275.28,196.47,cat_1
987,95.27,429.96,296.08,cat_2
988,76.82,428.58,287.88,cat_3
989,40.51,246.21,163.93,cat_4
990,86.58,115.83,104.13,cat_0
991,37.74,420.07,267.14,cat_1
992,50.93,112.27,87.73,cat_2
993,15.92,107.01,70.57,cat_3
994,84.17,392.88,269.4,cat_4
995,78.73,357.36,245.91,cat_0
996,48.67,204.55,142.2,cat_1
997,70.09,122.74,101.68,cat_2
998,56.22,317.78,213.16,cat_3
999,48.58,325.32,214.62,cat_4
1000,88.88,370.72,257.98,cat_0
1001,35.92,390.11,248.43,cat_1
1002,59.43,197.02,141.98,cat_2
1003,95.06,363.5,256.12,cat_3
1004,1.02,427.34,256.81,cat_4
1005,64.65,335.05,226.89,cat_0
1006,56.14,45.69,49.87,cat_1
1007,26.14,337.94,213.22,cat_2
1008,83.02,358.42,248.26,cat_3
1009,98.14,454.57,312.0,cat_4
1010,58.37,253.87,175.67,cat_0
1011,44.74,360.94,234.46,cat_1
1012,15.99,357.09,220.65,cat_2
1013,20.16,146.48,95.95,cat_3
1014,29.6,49.04,41.26,cat_4
1015,90.01,92.35,91.41,cat_0
1016,9.49,116.41,73.64,cat_1
1017,4.09,168.27,102.6,cat_2
1018,60.87,392.32,259.74,cat_3
1019,65.56,312.54,213.75,cat_4
1020,92.18,247.26,185.23,cat_0
1021,42.65,298.21,195.99,cat_1
1022,3.73,234.79,142.37,cat_2
1023,49.87,200.63,140.33,cat_3
1024,10.0,431.98,263.19,cat_4
1025,38.5,408.99,260.79,cat_0
1026,60.73,296.93,202.45,cat_1
1027,48.74,121.61,92.46,cat_2
1028,66.96,166.95,126.95,cat_3
1029,81.86,482.12,322.02,cat_4
1030,66.03,30.11,44.48,cat_0
1031,56.98,385.34,254.0,cat_1
1032,87.94,248.28,184.14,cat_2
1033,2.19,75.19,45.99,cat_3
1034,40.5,12.8,23.88,cat_4
1035,68.31,356.41,241.17,cat_0
1036,64.28,395.91,263.26,cat_1
1037,80.14,43.77,58.32,cat_2
1038,19.1,180.51,115.95,cat_3
1039,22.87,42.49,34.64,cat_4
1040,40.97,441.83,281.49,cat_0
1041,60.97,142.16,109.68,cat_1
1042,64.94,404.11,268.44,cat_2
1043,11.35,221.7,137.56,cat_3
1044,88.27,214.99,164.3,cat_4
1045,56.91,470.69,305.18,cat_0
1046,12.91,484.79,296.04,cat_1
1047,11.24,278.63,171.67,cat_2
1048,67.26,170.03,128.92,cat_3
1049,29.18,56.7,45.69,cat_4
1050,2.29,159.87,96.84,cat_0
1051,85.18,312.72,221.7,cat_1
1052,81.44,34.18,53.08,cat_2
1053,72.67,457.2,303.39,cat_3
1054,62.96,290.09,199.24,cat_4
1055,9.3,429.86,261.64,cat_0
1056,92.93,89.45,90.84,cat_1
1057,57.29,340.24,227.06,cat_2
1058,45.54,29.18,35.72,cat_3
1059,60.39,489.96,318.13,cat_4
1060,9.56,192.06,119.06,cat_0
1061,24.41,448.04,278.59,cat_1
1062,76.75,159.85,126.61,cat_2
1063,34.4,142.9,99.5,cat_3
1064,88.03,45.08,62.26,cat_4
1065,69.81,205.33,151.12,cat_0
1066,42.81,42.65,42.71,cat_1
1067,76.59,494.32,327.23,cat_2
1068,28.35,149.59,101.09,cat_3
1069,81.53,489.49,326.31,cat_4
1070,51.04,472.62,303.99,cat_0
1071,93.38,423.38,291.38,cat_1
1072,1.99,432.54,260.32,cat_2
1073,21.83,40.81,33.22,cat_3
1074,22.53,26.08,24.66,cat_4
1075,62.63,103.69,87.27,cat_0
1076,92.27,393.32,272.9,cat_1
1077,64.59,249.16,175.33,cat_2
1078,69.78,451.81,299.0,cat_3
1079,68.12,365.8,246.73,cat_4
1080,61.79,206.43,148.57,cat_0
1081,88.2,117.19,105.59,cat_1
1082,19.12,114.71,76.47,cat_2
1083,92.5,13.48,45.09,cat_3
1084,63.52,148.45,114.48,cat_4
1085,51.77,152.88,112.44,cat_0
1086,6.91,216.99,132.96,cat_1
1087,41.1,165.61,115.81,cat_2
1088,12.58,312.32,192.42,cat_3
1089,47.6,82.94,68.8,cat_4
1090,79.77,54.25,64.46,cat_0
1091,66.92,49.14,56.25,cat_1
1092,4.15,62.3,39.04,cat_2
1093,91.23,407.23,280.83,cat_3
1094,13.96,132.92,85.34,cat_4
1095,21.3,75.57,53.86,cat_0
1096,43.87,232.33,156.95,cat_1
1097,42.17,405.63,260.25,cat_2
1098,49.71,486.68,311.89,cat_3
1099,38.52,457.87,290.13,cat_4
1100,9.65,438.6,267.02,cat_0
1101,38.53,91.76,70.47,cat_1
1102,51.03,357.69,235.03,cat_2
1103,40.82,490.05,310.36,cat_3
1104,47.81,103.76,81.38,cat_4
1105,81.75,164.3,131.28,cat_0
1106,6.69,45.06,29.71,cat_1
1107,69.09,339.69,231.45,cat_2
1108,85.49,225.77,169.66,cat_3
1109,56.69,375.21,247.8,cat_4
1110,71.96,352.91,240.53,cat_0
1111,88.97,389.28,269.16,cat_1
1112,48.04,43.95,45.59,cat_2
1113,69.57,37.93,50.59,cat_3
1114,93.51,42.93,63.16,cat_4
1115,25.84,400.77,250.8,cat_0
1116,59.7,81.82,72.97,cat_1
1117,66.96,338.95,230.15,cat_2
1118,90.8,99.87,96.24,cat_3
1119,89.74,369.78,257.76,cat_4
1120,6.73,473.45,286.76,cat_0
1121,53.95,356.98,235.77,cat_1
1122,44.39,447.56,286.29,cat_2
1123,80.31,175.36,137.34,cat_3
1124,48.31,315.0,208.32,cat_4
1125,34.19,32.32,33.07,cat_0
1126,31.34,277.07,178.78,cat_1
1127,99.38,495.26,336.91,cat_2
1128,36.44,458.89,289.91,cat_3
1129,86.01,46.06,62.04,cat_4
1130,10.37,309.73,189.99,cat_0
1131,27.55,256.74,165.06,cat_1
1132,96.17,224.06,172.9,cat_2
1133,23.64,480.68,297.86,cat_3
1134,65.17,469.13,307.55,cat_4
1135,7.48,96.09,60.65,cat_0
1136,53.72,118.05,92.32,cat_1
1137,32.25,78.89,60.23,cat_2
1138,88.55,207.53,159.94,cat_3
1139,23.14,452.7,280.88,cat_4
1140,21.28,63.0,46.31,cat_0
1141,13.01,470.79,287.68,cat_1
1142,90.88,51.2,67.07,cat_2
1143,5.84,427.27,258.7,cat_3
1144,53.73,257.2,175.81,cat_4
1145,83.41,92.51,88.87,cat_0
1146,77.42,200.48,151.26,cat_1
1147,73.85,50.63,59.92,cat_2
1148,99.41,193.14,155.65,cat_3
1149,62.59,313.05,212.87,cat_4
1150,42.03,481.52,305.72,cat_0
1151,48.68,209.35,145.08,cat_1
1152,85.78,276.53,200.23,cat_2
1153,92.41,250.88,187.49,cat_3
1154,77.39,441.23,295.69,cat_4
1155,46.18,322.78,212.14,cat_0
1156,95.93,335.8,239.85,cat_1
1157,3.24,190.22,115.43,cat_2
1158,70.05,54.97,61.0,cat_3
1159,29.35,373.85,236.05,cat_4
1160,93.71,290.47,211.77,cat_0
1161,33.85,149.89,103.47,cat_1
1162,60.29,438.95,287.49,cat_2
1163,86.47,42.39,60.02,cat_3
1164,30.6,291.37,187.06,cat_4
1165,4.75,330.94,200.46,cat_0
1166,52.36,144.77,107.81,cat_1
1167,52.56,102.15,82.31,cat_2
1168,80.34,322.07,225.38,cat_3
1169,6.12,261.56,159.38,cat_4
1170,86.72,39.84,58.59,cat_0
1171,76.71,300.67,211.09,cat_1
1172,7.02,451.32,273.6,cat_2
1173,15.42,287.32,178.56,cat_3
1174,11.2,448.74,273.72,cat_4
1175,58.94,304.88,206.5,cat_0
1176,21.36,286.59,180.5,cat_1
1177,88.11,209.42,160.9,cat_2
1178,41.94,63.4,54.82,cat_3
1179,89.77,327.07,232.15,cat_4
1180,10.03,188.53,117.13,cat_0
1181,50.18,160.57,116.41,cat_1
1182,2.74,341.27,205.86,cat_2
1183,63.53,28.38,42.44,cat_3
1184,8.28,193.71,119.54,cat_4
1185,17.99,63.24,45.14,cat_0
1186,92.52,67.58,77.56,cat_1
1187,46.7,33.6,38.84,cat_2
1188,32.56,468.11,293.89,cat_3
1189,76.05,168.78,131.69,cat_4
1190,48.69,357.54,234.0,cat_0
1191,83.76,81.52,82.42,cat_1
1192,30.43,43.3,38.15,cat_2
1193,15.84,147.33,94.73,cat_3
1194,79.63,350.4,242.09,cat_4
1195,66.51,310.35,212.81,cat_0
1196,70.83,352.48,239.82,cat_1
1197,83.29,228.68,170.52,cat_2
1198,63.43,255.19,178.49,cat_3
1199,14.83,14.21,14.46,cat_4
1200,13.55,428.33,262.42,cat_0
1201,4.26,386.36,233.52,cat_1
1202,14.52,341.82,210.9,cat_2
1203,38.55,210.27,141.58,cat_3
1204,6.34,183.77,112.8,cat_4
1205,62.39,477.33,311.35,cat_0
1206,90.27,130.97,114.69,cat_1
1207,5.83,321.13,195.01,cat_2
1208,37.63,112.32,82.44,cat_3
1209,69.92,26.41,43.81,cat_4
1210,85.7,426.75,290.33,cat_0
1211,93.0,452.68,308.81,cat_1
1212,17.73,305.18,190.2,cat_2
1213,41.84,349.1,226.2,cat_3
1214,34.88,195.75,131.4,cat_4
1215,17.81,378.91,234.47,cat_0
1216,52.91,173.06,125.0,cat_1
1217,77.68,321.98,224.26,cat_2
1218,83.57,498.82,332.72,cat_3
1219,73.25,77.51,75.81,cat_4
1220,94.24,421.42,290.55,cat_0
1221,36.14,422.81,268.14,cat_1
1222,52.09,98.74,80.08,cat_2
1223,85.38,209.3,159.73,cat_3
1224,76.68,417.87,281.39,cat_4
1225,58.23,430.79,281.77,cat_0
1226,87.67,289.76,208.92,cat_1
1227,81.53,171.53,135.53,cat_2
1228,14.08,183.52,115.74,cat_3
1229,46.44,125.32,93.77,cat_4
1230,31.19,297.71,191.1,cat_0
1231,68.76,356.82,241.6,cat_1
1232,12.83,63.03,42.95,cat_2
1233,95.52,51.04,68.83,cat_3
1234,72.54,52.09,60.27,cat_4
1235,15.84,38.11,29.2,cat_0
1236,34.38,67.16,54.05,cat_1
1237,32.62,479.77,300.91,cat_2
1238,25.02,235.26,151.16,cat_3
1239,85.22,107.77,98.75,cat_4
1240,49.02,381.87,248.73,cat_0
1241,33.19,358.99,228.67,cat_1
1242,21.52,35.43,29.87,cat_2
1243,21.18,303.11,190.34,cat_3
1244,88.63,23.69,49.67,cat_4
1245,94.16,398.12,276.54,cat_0
1246,11.03,197.3,122.79,cat_1
1247,61.24,108.35,89.51,cat_2
1248,16.73,243.2,152.61,cat_3
1249,50.17,382.81,249.75,cat_4
1250,76.52,273.25,194.56,cat_0
1251,74.09,59.6,65.4,cat_1
1252,70.35,445.31,295.33,cat_2
1253,14.66,149.74,95.71,cat_3
1254,0.5,66.39,40.03,cat_4
1255,0.75,214.21,128.83,cat_0
1256,36.79,460.75,291.17,cat_1
1257,16.15,407.44,250.92,cat_2
1258,12.5,119.44,76.66,cat_3
1259,45.18,221.1,150.73,cat_4
1260,70.23,331.96,227.27,cat_0
1261,6.83,445.39,269.97,cat_1
1262,57.23,290.87,197.41,cat_2
1263,64.52,392.02,261.02,cat_3
1264,88.85,445.09,302.59,cat_4
1265,35.89,296.9,192.5,cat_0
1266,13.99,285.35,176.81,cat_1
1267,35.06,498.39,313.06,cat_2
1268,93.52,258.49,192.5,cat_3
1269,78.05,361.87,248.34,cat_4
1270,31.14,16.62,22.43,cat_0
1271,39.73,23.02,29.7,cat_1
1272,55.19,169.13,123.55,cat_2
1273,45.54,408.34,263.22,cat_3
1274,2.21,353.33,212.88,cat_4
1275,44.02,392.92,253.36,cat_0
1276,5.6,75.8,47.72,cat_1
1277,48.61,269.74,181.29,cat_2
1278,18.43,260.42,163.62,cat_3
1279,75.21,303.12,211.96,cat_4
1280,98.14,54.48,71.94,cat_0
1281,71.5,175.28,133.77,cat_1
1282,34.82,227.23,150.27,cat_2
1283,13.29,291.76,180.37,cat_3
1284,31.31,463.93,290.88,cat_4
1285,10.51,275.93,169.76,cat_0
1286,65.8,113.92,94.67,cat_1
1287,24.0,200.65,129.99,cat_2
1288,42.01,127.86,93.52,cat_3
1289,86.91,107.85,99.47,cat_4
1290,67.81,209.78,152.99,cat_0
1291,78.09,244.09,177.69,cat_1
1292,35.53,194.82,131.1,cat_2
1293,6.88,228.78,140.02,cat_3
1294,52.62,95.09,78.1,cat_4
1295,85.71,48.7,63.5,cat_0
1296,86.13,412.7,282.07,cat_1
1297,71.94,497.75,327.43,cat_2
1298,33.16,423.62,267.44,cat_3
1299,29.2,297.83,190.38,cat_4
1300,16.39,66.05,46.19,cat_0
1301,8.59,62.25,40.79,cat_1
1302,86.2,304.09,216.93,cat_2
1303,99.71,396.93,278.04,cat_3
1304,83.31,264.77,192.19,cat_4
1305,34.6,291.31,188.63,cat_0
1306,17.08,54.73,39.67,cat_1
1307,8.48,345.3,210.57,cat_2
1308,50.46,343.43,226.24,cat_3
1309,37.52,204.91,137.95,cat_4
1310,36.44,205.53,137.89,cat_0
1311,77.89,268.14,192.04,cat_1
1312,24.5,108.73,75.04,cat_2
1313,99.77,204.76,162.76,cat_3
1314,87.14,140.98,119.44,cat_4
1315,9.43,371.46,226.65,cat_0
1316,34.13,286.32,185.44,cat_1
1317,14.65,130.44,84.12,cat_2
1318,54.75,341.6,226.86,cat_3
1319,41.66,65.27,55.83,cat_4
1320,78.88,439.73,295.39,cat_0
1321,46.89,423.79,273.03,cat_1
1322,84.94,448.32,302.97,cat_2
1323,23.84,345.64,216.92,cat_3
1324,46.24,495.32,315.69,cat_4
1325,3.6,390.41,235.69,cat_0
1326,6.7,308.41,187.73,cat_1
1327,36.73,116.9,84.83,cat_2
1328,71.53,154.46,121.29,cat_3
1329,99.77,70.57,82.25,cat_4
1330,23.15,346.78,217.33,cat_0
1331,29.7,304.81,194.77,cat_1
1332,15.4,184.14,116.64,cat_2
1333,82.72,108.92,98.44,cat_3
1334,85.09,241.26,178.79,cat_4
1335,79.12,103.45,93.72,cat_0
1336,72.6,123.99,103.43,cat_1
1337,73.21,273.65,193.47,cat_2
1338,93.83,213.67,165.73,cat_3
1339,7.55,319.43,194.68,cat_4
1340,68.44,247.88,176.1,cat_0
1341,48.64,206.12,143.13,cat_1
1342,66.51,52.37,58.03,cat_2
1343,11.13,111.59,71.41,cat_3
1344,91.24,66.46,76.37,cat_4
1345,56.18,297.93,201.23,cat_0
1346,90.71,457.43,310.74,cat_1
1347,8.99,212.69,131.21,cat_2
1348,9.26,16.39,13.54,cat_3
1349,36.28,484.51,305.22,cat_4
1350,35.16,95.7,71.48,cat_0
1351,74.99,475.81,315.48,cat_1
1352,10.85,277.58,170.89,cat_2
1353,71.77,128.97,106.09,cat_3
1354,17.75,156.27,100.86,cat_4
1355,98.87,381.59,268.5,cat_0
1356,25.85,218.48,141.43,cat_1
1357,75.07,488.78,323.3,cat_2
1358,9.36,383.58,233.89,cat_3
1359,98.56,343.16,245.32,cat_4
1360,16.52,93.33,62.61,cat_0
1361,38.4,388.8,248.64,cat_1
1362,13.33,391.76,240.39,cat_2
1363,85.92,467.38,314.8,cat_3
1364,82.15,490.83,327.36,cat_4
1365,41.65,342.3,222.04,cat_0
1366,11.91,28.85,22.07,cat_1
1367,29.83,327.73,208.57,cat_2
1368,53.82,241.55,166.46,cat_3
1369,52.0,299.42,200.45,cat_4
1370,67.68,343.04,232.9,cat_0
1371,75.5,156.33,124.0,cat_1
1372,61.93,296.39,202.61,cat_2
1373,18.3,151.38,98.15,cat_3
1374,81.42,429.7,290.39,cat_4
1375,67.29,387.12,259.19,cat_0
1376,77.77,85.36,82.32,cat_1
1377,69.94,331.74,227.02,cat_2
1378,74.23,332.37,229.11,cat_3
1379,95.5,359.21,253.73,cat_4
1380,93.41,109.82,103.26,cat_0
1381,40.91,255.91,169.91,cat_1
1382,33.11,266.78,173.31,cat_2
1383,15.73,103.37,68.31,cat_3
1384,91.07,131.69,115.44,cat_4
1385,87.18,283.88,205.2,cat_0
1386,9.46,160.65,100.17,cat_1
1387,41.19,309.09,201.93,cat_2
1388,65.74,275.08,191.34,cat_3
1389,88.44,143.9,121.72,cat_4
1390,40.99,59.62,52.17,cat_0
1391,82.78,478.86,320.43,cat_1
1392,29.92,177.7,118.59,cat_2
1393,91.65,206.87,160.78,cat_3
1394,72.3,295.38,206.15,cat_4
1395,24.43,219.24,141.32,cat_0
1396,4.61,291.41,176.69,cat_1
1397,90.01,273.83,200.3,cat_2
1398,23.46,416.82,259.48,cat_3
1399,65.94,188.56,139.51,cat_4
1400,13.23,93.07,61.13,cat_0
1401,66.49,494.33,323.19,cat_1
1402,3.55,10.14,7.5,cat_2
1403,45.94,478.58,305.52,cat_3
1404,71.12,163.54,126.57,cat_4
1405,72.58,251.41,179.88,cat_0
1406,50.5,103.85,82.51,cat_1
1407,71.18,315.18,217.58,cat_2
1408,60.85,435.29,285.51,cat_3
1409,45.93,357.08,232.62,cat_4
1410,46.38,187.93,131.31,cat_0
1411,97.12,353.6,251.01,cat_1
1412,83.51,452.27,304.77,cat_2
1413,15.18,243.4,152.11,cat_3
1414,91.0,245.34,183.6,cat_4
1415,47.79,248.48,168.2,cat_0
1416,23.42,277.97,176.15,cat_1
1417,12.36,126.5,80.84,cat_2
1418,87.31,372.33,258.32,cat_3
1419,98.87,10.01,45.55,cat_4
1420,57.67,45.11,50.13,cat_0
1421,77.89,182.06,140.39,cat_1
1422,71.82,314.35,217.34,cat_2
1423,9.26,370.95,226.27,cat_3
1424,66.19,13.04,34.3,cat_4
1425,80.77,158.9,127.65,cat_0
1426,69.97,231.68,167.0,cat_1
1427,55.71,389.94,256.25,cat_2
1428,24.03,399.0,249.01,cat_3
1429,30.14,455.56,285.39,cat_4
1430,30.64,324.14,206.74,cat_0
1431,84.25,91.66,88.7,cat_1
1432,19.18,465.56,287.01,cat_2
1433,87.84,106.3,98.92,cat_3
1434,51.11,297.75,199.09,cat_4
1435,14.59,179.42,113.49,cat_0
1436,25.9,125.9,85.9,cat_1
1437,73.28,315.61,218.68,cat_2
1438,71.66,269.98,190.65,cat_3
1439,93.54,25.08,52.46,cat_4
1440,79.88,93.81,88.24,cat_0
1441,88.89,36.14,57.24,cat_1
1442,22.5,175.32,114.19,cat_2
1443,27.93,70.25,53.32,cat_3
1444,18.72,132.48,86.98,cat_4
1445,50.46,214.44,148.85,cat_0
1446,40.17,358.61,231.23,cat_1
1447,46.58,455.47,291.91,cat_2
1448,25.83,211.54,137.26,cat_3
1449,43.11,227.41,153.69,cat_4
1450,62.56,182.49,134.52,cat_0
1451,18.89,141.13,92.23,cat_1
1452,38.47,111.54,82.31,cat_2
1453,8.33,198.45,122.4,cat_3
1454,53.47,394.54,258.11,cat_4
1455,37.59,174.53,119.75,cat_0
1456,5.86,307.92,187.1,cat_1
1457,63.1,93.43,81.3,cat_2
1458,90.47,394.77,273.05,cat_3
1459,60.64,91.6,79.22,cat_4
1460,60.32,265.44,183.39,cat_0
1461,53.11,416.12,270.92,cat_1
1462,86.47,499.22,334.12,cat_2
1463,98.84,236.69,181.55,cat_3
1464,26.5,25.63,25.98,cat_4
1465,12.61,233.36,145.06,cat_0
1466,23.71,330.91,208.03,cat_1
1467,58.36,128.71,100.57,cat_2
1468,22.75,306.1,192.76,cat_3
1469,36.07,326.03,210.05,cat_4
1470,5.93,109.39,68.01,cat_0
1471,42.67,96.03,74.69,cat_1
1472,48.86,266.7,179.56,cat_2
1473,7.26,52.78,34.57,cat_3
1474,82.3,427.02,289.13,cat_4
1475,44.3,309.47,203.4,cat_0
1476,1.35,448.33,269.54,cat_1
1477,54.95,359.04,237.4,cat_2
1478,11.37,436.49,266.44,cat_3
1479,86.09,267.77,195.1,cat_4
1480,61.04,107.74,89.06,cat_0
1481,10.37,483.22,294.08,cat_1
1482,57.33,294.34,199.54,cat_2
1483,54.3,331.36,220.54,cat_3
1484,78.76,316.06,221.14,cat_4
1485,14.71,462.06,283.12,cat_0
1486,38.64,204.07,137.9,cat_1
1487,71.95,269.53,190.5,cat_2
1488,32.27,421.1,265.57,cat_3
1489,47.53,411.08,265.66,cat_4
1490,58.48,199.92,143.34,cat_0
1491,32.22,298.77,192.15,cat_1
1492,65.6,368.48,247.33,cat_2
1493,28.78,440.76,275.97,cat_3
1494,26.02,189.77,124.27,cat_4
1495,53.81,362.36,238.94,cat_0
1496,78.16,308.76,216.52,cat_1
1497,10.01,217.84,134.71,cat_2
1498,55.01,490.51,316.31,cat_3
1499,46.78,339.59,222.47,cat_4
1500,36.98,364.94,233.76,cat_0
1501,70.3,73.41,72.17,cat_1
1502,87.64,426.52,290.97,cat_2
1503,57.58,131.87,102.15,cat_3
1504,38.42,389.2,248.89,cat_4
1505,98.35,321.79,232.41,cat_0
1506,78.9,154.77,124.42,cat_1
1507,20.1,485.75,299.49,cat_2
1508,36.06,235.61,155.79,cat_3
1509,56.48,384.49,253.29,cat_4
1510,50.0,108.34,85.0,cat_0
1511,63.15,444.69,292.07,cat_1
1512,83.94,298.28,212.54,cat_2
1513,81.82,197.78,151.4,cat_3
1514,22.2,21.87,22.0,cat_4
1515,13.35,205.52,128.65,cat_0
1516,63.02,444.23,291.75,cat_1
1517,5.33,199.07,121.57,cat_2
1518,20.41,362.99,225.96,cat_3
1519,30.65,412.39,259.69,cat_4
1520,32.02,325.45,208.08,cat_0
1521,21.64,345.52,215.97,cat_1
1522,56.19,64.43,61.13,cat_2
1523,20.71,335.59,209.64,cat_3
1524,98.86,230.91,178.09,cat_4
1525,48.39,174.69,124.17,cat_0
1526,69.65,373.66,252.06,cat_1
1527,78.69,123.63,105.65,cat_2
1528,43.97,394.45,254.26,cat_3
1529,99.54,302.06,221.05,cat_4
1530,92.17,272.13,200.15,cat_0
1531,62.17,350.76,235.32,cat_1
1532,14.59,388.81,239.12,cat_2
1533,1.87,412.28,248.12,cat_3
1534,91.55,356.24,250.36,cat_4
1535,88.29,362.28,252.68,cat_0
1536,10.36,246.03,151.76,cat_1
1537,10.43,240.93,148.73,cat_2
1538,41.87,210.58,143.1,cat_3
1539,27.04,180.55,119.15,cat_4
1540,30.77,493.89,308.64,cat_0
1541,33.42,224.77,148.23,cat_1
1542,45.42,11.06,24.8,cat_2
1543,6.66,92.4,58.1,cat_3
1544,14.99,104.44,68.66,cat_4
1545,6.82,430.11,260.79,cat_0
1546,8.62,418.81,254.73,cat_1
1547,82.37,44.11,59.41,cat_2
1548,61.92,13.53,32.89,cat_3
1549,38.82,222.17,148.83,cat_4
1550,29.96,431.75,271.03,cat_0
1551,24.85,360.09,225.99,cat_1
1552,32.46,481.18,301.69,cat_2
1553,71.81,103.98,91.11,cat_3
1554,75.15,147.45,118.53,cat_4
1555,20.35,180.39,116.37,cat_0
1556,86.59,318.69,225.85,cat_1
1557,99.41,428.05,296.59,cat_2
1558,91.96,441.38,301.61,cat_3
1559,68.26,101.08,87.95,cat_4
1560,73.69,142.98,115.26,cat_0
1561,80.06,432.35,291.43,cat_1
1562,36.49,359.98,230.58,cat_2
1563,10.9,18.99,15.75,cat_3
1564,0.43,17.72,10.8,cat_4
1565,58.5,329.78,221.27,cat_0
1566,44.39,174.83,122.65,cat_1
1567,46.95,342.88,224.51,cat_2
1568,93.2,41.7,62.3,cat_3
1569,96.99,479.54,326.52,cat_4
1570,61.41,301.25,205.31,cat_0
1571,20.59,138.83,91.53,cat_1
1572,33.91,271.71,176.59,cat_2
1573,79.1,320.45,223.91,cat_3
1574,37.26,189.18,128.41,cat_4
1575,35.68,171.42,117.12,cat_0
1576,36.59,281.6,183.6,cat_1
1577,77.85,68.35,72.15,cat_2
1578,95.64,182.92,148.01,cat_3
1579,14.81,115.0,74.92,cat_4
1580,74.94,309.47,215.66,cat_0
1581,69.04,499.96,327.59,cat_1
1582,58.21,215.29,152.46,cat_2
1583,74.1,179.47,137.32,cat_3
1584,57.97,61.94,60.35,cat_4
1585,20.87,238.52,151.46,cat_0
1586,79.48,337.28,234.16,cat_1
1587,6.44,21.49,15.47,cat_2
1588,85.41,420.72,286.6,cat_3
1589,74.59,487.51,322.34,cat_4
1590,26.37,287.99,183.34,cat_0
1591,16.02,96.23,64.15,cat_1
1592,63.88,177.83,132.25,cat_2
1593,95.47,494.05,334.62,cat_3
1594,91.79,298.39,215.75,cat_4
1595,98.1,153.48,131.33,cat_0
1596,79.99,368.71,253.22,cat_1
1597,58.66,496.33,321.26,cat_2
1598,20.37,114.48,76.84,cat_3
1599,6.14,203.53,124.57,cat_4
1600,40.55,297.91,194.97,cat_0
1601,17.76,31.29,25.88,cat_1
1602,48.99,354.44,232.26,cat_2
1603,52.09,213.95,149.21,cat_3
1604,96.39,57.17,72.86,cat_4
1605,30.51,300.84,192.71,cat_0
1606,79.38,147.83,120.45,cat_1
1607,75.21,475.8,315.56,cat_2
1608,50.67,266.53,180.19,cat_3
1609,38.42,162.15,112.66,cat_4
1610,85.77,81.42,83.16,cat_0
1611,12.28,459.87,280.83,cat_1
1612,43.7,223.4,151.52,cat_2
1613,32.83,27.01,29.34,cat_3
1614,4.71,227.52,138.4,cat_4
1615,89.41,102.02,96.98,cat_0
1616,23.97,51.72,40.62,cat_1
1617,23.79,269.14,171.0,cat_2
1618,32.16,173.33,116.86,cat_3
1619,22.77,15.34,18.31,cat_4
1620,21.41,156.35,102.37,cat_0
1621,34.5,459.96,289.78,cat_1
1622,67.33,135.99,108.53,cat_2
1623,83.9,78.32,80.55,cat_3
1624,38.62,393.89,251.78,cat_4
1625,50.6,284.56,190.98,cat_0
1626,97.57,317.57,229.57,cat_1
1627,9.94,461.65,280.97,cat_2
1628,73.0,258.33,184.2,cat_3
1629,70.58,40.23,52.37,cat_4
1630,85.29,461.47,311.0,cat_0
1631,28.16,146.17,98.97,cat_1
1632,14.42,269.74,167.61,cat_2
1633,34.11,278.76,180.9,cat_3
1634,95.3,286.29,209.89,cat_4
1635,26.18,104.22,73.0,cat_0
1636,53.91,163.2,119.48,cat_1
1637,38.45,191.53,130.3,cat_2
1638,10.23,138.62,87.26,cat_3
1639,3.54,301.47,182.3,cat_4
1640,81.13,12.35,39.86,cat_0
1641,7.44,367.71,223.6,cat_1
1642,54.46,146.35,109.59,cat_2
1643,2.46,184.68,111.79,cat_3
1644,94.1,346.0,245.24,cat_4
1645,87.17,350.64,245.25,cat_0
1646,24.86,18.68,21.15,cat_1
1647,11.98,430.24,262.94,cat_2
1648,6.38,442.54,268.08,cat_3
1649,15.18,127.91,82.82,cat_4
1650,32.03,301.13,193.49,cat_0
1651,55.12,460.01,298.05,cat_1
1652,73.33,428.42,286.38,cat_2
1653,9.54,433.19,263.73,cat_3
1654,1.5,162.45,98.07,cat_4
1655,81.37,351.07,243.19,cat_0
1656,56.94,256.94,176.94,cat_1
1657,22.47,100.81,69.47,cat_2
1658,52.35,424.88,275.87,cat_3
1659,25.95,464.17,288.88,cat_4
1660,22.29,155.87,102.44,cat_0
1661,99.17,413.53,287.79,cat_1
1662,0.07,209.0,125.43,cat_2
1663,85.03,146.66,122.01,cat_3
1664,53.65,325.47,216.74,cat_4
1665,85.51,350.03,244.22,cat_0
1666,97.4,452.18,310.27,cat_1
1667,40.37,283.11,186.01,cat_2
1668,85.74,41.48,59.18,cat_3
1669,9.7,129.92,81.83,cat_4
1670,91.64,430.91,295.2,cat_0
1671,91.09,39.36,60.05,cat_1
1672,12.02,274.48,169.5,cat_2
1673,16.06,336.05,208.05,cat_3
1674,95.94,37.43,60.83,cat_4
1675,57.82,180.42,131.38,cat_0
1676,54.44,76.12,67.45,cat_1
1677,46.16,220.83,150.96,cat_2
1678,70.51,207.21,152.53,cat_3
1679,18.45,230.22,145.51,cat_4
1680,58.13,321.6,216.21,cat_0
1681,35.89,223.48,148.44,cat_1
1682,90.53,239.43,179.87,cat_2
1683,79.73,452.88,303.62,cat_3
1684,11.43,74.91,49.52,cat_4
1685,84.84,32.4,53.38,cat_0
1686,82.82,121.05,105.76,cat_1
1687,60.57,414.71,273.05,cat_2
1688,62.26,190.24,139.05,cat_3
1689,20.13,11.03,14.67,cat_4
1690,50.46,63.62,58.36,cat_0
1691,73.01,53.88,61.53,cat_1
1692,87.98,472.38,318.62,cat_2
1693,92.35,295.24,214.08,cat_3
1694,41.19,111.18,83.18,cat_4
1695,36.88,393.77,251.01,cat_0
1696,62.9,239.16,168.66,cat_1
1697,82.47,196.94,151.15,cat_2
1698,70.01,325.02,223.02,cat_3
1699,68.54,102.52,88.93,cat_4
1700,59.72,368.83,245.19,cat_0
1701,75.5,438.17,293.1,cat_1
1702,23.79,460.72,285.95,cat_2
1703,68.03,477.39,313.65,cat_3
1704,47.23,34.6,39.65,cat_4
1705,44.74,83.83,68.19,cat_0
1706,53.83,139.15,105.02,cat_1
1707,22.79,419.9,261.06,cat_2
1708,88.15,199.75,155.11,cat_3
1709,63.43,423.27,279.33,cat_4
1710,37.77,210.27,141.27,cat_0
1711,30.5,241.69,157.21,cat_1
1712,55.07,355.39,235.26,cat_2
1713,40.75,458.69,291.51,cat_3
1714,3.32,141.07,85.97,cat_4
1715,62.01,146.69,112.82,cat_0
1716,72.27,92.45,84.38,cat_1
1717,6.09,184.32,113.03,cat_2
1718,29.77,348.48,221.0,cat_3
1719,22.92,71.84,52.27,cat_4
1720,17.59,421.7,260.06,cat_0
1721,21.44,266.57,168.52,cat_1
1722,91.55,352.19,247.93,cat_2
1723,73.74,329.49,227.19,cat_3
1724,39.77,257.36,170.32,cat_4
1725,0.5,27.4,16.64,cat_0
1726,89.44,355.86,249.29,cat_1
1727,63.6,333.5,225.54,cat_2
1728,49.11,161.1,116.3,cat_3
1729,11.77,202.14,125.99,cat_4
1730,97.14,156.8,132.94,cat_0
1731,36.51,233.94,154.97,cat_1
1732,31.98,176.03,118.41,cat_2
1733,81.35,423.45,286.61,cat_3
1734,7.34,134.0,83.34,cat_4
1735,71.38,450.39,298.79,cat_0
1736,14.48,310.26,191.95,cat_1
1737,70.55,143.34,114.22,cat_2
1738,42.42,149.42,106.62,cat_3
1739,18.1,102.63,68.82,cat_4
1740,98.79,184.13,149.99,cat_0
1741,17.43,182.33,116.37,cat_1
1742,14.81,190.2,120.04,cat_2
1743,89.99,424.74,290.84,cat_3
1744,70.69,57.16,62.57,cat_4
1745,51.41,36.28,42.33,cat_0
1746,97.82,317.28,229.5,cat_1
1747,34.62,243.35,159.86,cat_2
1748,63.04,439.13,288.69,cat_3
1749,16.86,376.21,232.47,cat_4
1750,33.85,375.7,238.96,cat_0
1751,23.96,394.2,246.1,cat_1
1752,18.87,248.98,156.94,cat_2
1753,96.29,327.39,234.95,cat_3
1754,87.31,235.44,176.19,cat_4
1755,76.31,336.56,232.46,cat_0
1756,42.22,81.57,65.83,cat_1
1757,52.11,171.47,123.73,cat_2
1758,31.5,351.98,223.79,cat_3
1759,12.0,143.25,90.75,cat_4
1760,36.14,422.49,267.95,cat_0
1761,51.59,349.08,230.08,cat_1
1762,21.63,349.09,218.11,cat_2
1763,55.7,289.65,196.07,cat_3
1764,5.48,370.73,224.63,cat_4
1765,82.75,237.78,175.77,cat_0
1766,60.58,307.84,208.94,cat_1
1767,0.84,164.47,99.02,cat_2
1768,17.16,215.81,136.35,cat_3
1769,72.66,372.11,252.33,cat_4
1770,25.65,494.53,306.98,cat_0
1771,39.69,206.96,140.05,cat_1
1772,1.85,22.92,14.49,cat_2
1773,27.91,272.23,174.5,cat_3
1774,81.93,235.27,173.93,cat_4
1775,18.14,200.23,127.39,cat_0
1776,35.08,234.68,154.84,cat_1
1777,77.97,157.02,125.4,cat_2
1778,45.52,258.78,173.48,cat_3
1779,65.78,415.73,275.75,cat_4
1780,34.33,12.59,21.29,cat_0
1781,71.95,412.18,276.09,cat_1
1782,17.67,408.49,252.16,cat_2
1783,47.39,225.52,154.27,cat_3
1784,18.46,418.0,258.18,cat_4
1785,55.45,17.08,32.43,cat_0
1786,34.43,464.45,292.44,cat_1
1787,25.41,451.82,281.26,cat_2
1788,23.16,357.23,223.6,cat_3
1789,69.21,240.55,172.01,cat_4
1790,38.53,121.68,88.42,cat_0
1791,42.83,292.62,192.7,cat_1
1792,97.0,344.7,245.62,cat_2
1793,4.56,229.75,139.67,cat_3
1794,73.33,468.21,310.26,cat_4
1795,75.98,171.94,133.56,cat_0
1796,17.84,92.12,62.41,cat_1
1797,54.27,15.55,31.04,cat_2
1798,40.73,148.15,105.18,cat_3
1799,80.03,185.11,143.08,cat_4
1800,58.63,320.65,215.84,cat_0
1801,15.28,102.08,67.36,cat_1
1802,70.03,16.52,37.92,cat_2
1803,63.0,480.12,313.27,cat_3
1804,21.01,181.84,117.51,cat_4
1805,44.95,70.35,60.19,cat_0
1806,8.89,10.85,10.07,cat_1
1807,12.13,472.33,288.25,cat_2
1808,72.67,300.37,209.29,cat_3
1809,98.46,497.28,337.75,cat_4
1810,57.15,113.66,91.06,cat_0
1811,32.46,479.8,300.86,cat_1
1812,33.91,342.17,218.87,cat_2
1813,12.26,480.84,293.41,cat_3
1814,38.72,492.34,310.89,cat_4
1815,81.67,91.24,87.41,cat_0
1816,37.48,408.14,259.88,cat_1
1817,6.97,104.26,65.34,cat_2
1818,78.21,433.83,291.58,cat_3
1819,43.58,386.37,249.25,cat_4
1820,17.09,290.48,181.12,cat_0
1821,55.02,171.14,124.69,cat_1
1822,27.88,125.64,86.54,cat_2
1823,90.57,442.71,301.85,cat_3
1824,22.12,205.11,131.91,cat_4
1825,74.99,334.26,230.55,cat_0
1826,37.37,165.72,114.38,cat_1
1827,25.0,231.23,148.74,cat_2
1828,32.59,205.22,136.17,cat_3
1829,92.64,104.04,99.48,cat_4
1830,54.46,185.5,133.08,cat_0
1831,76.67,317.51,221.17,cat_1
1832,76.62,226.07,166.29,cat_2
1833,82.76,327.25,229.45,cat_3
1834,91.91,388.4,269.8,cat_4
1835,9.93,378.19,230.89,cat_0
1836,63.99,248.5,174.7,cat_1
1837,46.19,261.51,175.38,cat_2
1838,31.84,353.22,224.67,cat_3
1839,32.32,80.63,61.31,cat_4
1840,73.06,345.48,236.51,cat_0
1841,9.93,203.21,125.9,cat_1
1842,54.58,130.31,100.02,cat_2
1843,9.36,59.2,39.26,cat_3
1844,76.87,434.85,291.66,cat_4
1845,99.86,445.96,307.52,cat_0
1846,78.5,342.11,236.67,cat_1
1847,13.3,11.02,11.93,cat_2
1848,20.31,254.79,161.0,cat_3
1849,39.6,296.51,193.75,cat_4
1850,8.05,97.38,61.65,cat_0
1851,76.76,238.52,173.82,cat_1
1852,48.88,455.67,292.95,cat_2
1853,21.07,334.58,209.18,cat_3
1854,9.76,222.95,137.67,cat_4
1855,90.77,361.23,253.05,cat_0
1856,55.76,257.17,176.61,cat_1
1857,33.14,382.44,242.72,cat_2
1858,98.46,126.85,115.49,cat_3
1859,32.77,36.15,34.8,cat_4
1860,74.24,373.16,253.59,cat_0
1861,49.93,429.55,277.7,cat_1
1862,93.89,122.36,110.97,cat_2
1863,89.68,79.5,83.57,cat_3
1864,81.61,185.25,143.79,cat_4
1865,95.4,273.36,202.18,cat_0
1866,92.13,233.77,177.11,cat_1
1867,2.19,134.16,81.37,cat_2
1868,2.04,233.56,140.95,cat_3
1869,99.41,123.68,113.97,cat_4
1870,21.98,212.96,136.57,cat_0
1871,56.14,499.55,322.19,cat_1
1872,60.94,175.36,129.59,cat_2
1873,55.39,194.23,138.69,cat_3
1874,47.19,419.66,270.67,cat_4
1875,96.21,121.99,111.68,cat_0
1876,15.85,324.17,200.84,cat_1
1877,17.37,31.25,25.7,cat_2
1878,43.24,17.44,27.76,cat_3
1879,13.47,19.77,17.25,cat_4
1880,27.35,372.05,234.17,cat_0
1881,48.12,136.81,101.33,cat_1
1882,49.33,396.67,257.73,cat_2
1883,87.83,254.17,187.63,cat_3
1884,90.65,438.33,299.26,cat_4
1885,53.62,291.83,196.55,cat_0
1886,26.75,133.12,90.57,cat_1
1887,15.98,417.65,256.98,cat_2
1888,68.57,194.98,144.42,cat_3
1889,74.34,109.1,95.2,cat_4
1890,1.57,132.74,80.27,cat_0
1891,60.91,235.37,165.59,cat_1
1892,98.94,486.58,331.52,cat_2
1893,67.17,499.17,326.37,cat_3
1894,31.14,100.94,73.02,cat_4
1895,34.48,108.92,79.14,cat_0
1896,77.88,213.88,159.48,cat_1
1897,68.87,351.17,238.25,cat_2
1898,32.67,19.67,24.87,cat_3
1899,8.33,274.68,168.14,cat_4
1900,15.22,282.07,175.33,cat_0
1901,32.57,401.49,253.92,cat_1
1902,18.81,469.78,289.39,cat_2
1903,49.92,341.24,224.71,cat_3
1904,26.19,462.32,287.87,cat_4
1905,31.53,314.02,201.02,cat_0
1906,69.88,150.09,118.01,cat_1
1907,91.05,431.54,295.34,cat_2
1908,22.01,23.27,22.77,cat_3
1909,31.93,276.69,178.79,cat_4
1910,91.4,258.06,191.4,cat_0
1911,58.04,284.86,194.13,cat_1
1912,61.4,212.97,152.34,cat_2
1913,86.36,94.61,91.31,cat_3
1914,5.0,475.51,287.31,cat_4
1915,67.65,256.64,181.04,cat_0
1916,26.03,358.22,225.34,cat_1
1917,11.15,399.93,244.42,cat_2
1918,42.01,402.7,258.42,cat_3
1919,38.39,97.59,73.91,cat_4
1920,97.32,370.26,261.08,cat_0
1921,43.16,303.36,199.28,cat_1
1922,74.78,448.33,298.91,cat_2
1923,36.39,90.23,68.69,cat_3
1924,83.14,339.7,237.08,cat_4
1925,91.91,251.85,187.87,cat_0
1926,89.31,393.89,272.06,cat_1
1927,94.49,329.64,235.58,cat_2
1928,3.88,460.44,277.82,cat_3
1929,3.31,252.27,152.69,cat_4
1930,87.28,457.58,309.46,cat_0
1931,95.54,293.51,214.32,cat_1
1932,56.43,189.43,136.23,cat_2
1933,29.79,222.31,145.3,cat_3
1934,48.39,182.66,128.95,cat_4
1935,19.2,40.71,32.11,cat_0
1936,97.63,460.57,315.39,cat_1
1937,52.97,406.91,265.33,cat_2
1938,71.71,200.77,149.15,cat_3
1939,22.9,127.2,85.48,cat_4
1940,52.1,305.58,204.19,cat_0
1941,15.79,278.09,173.17,cat_1
1942,29.13,322.64,205.24,cat_2
1943,9.24,410.52,250.01,cat_3
1944,94.34,447.45,306.21,cat_4
1945,52.5,329.33,218.6,cat_0
1946,74.07,227.94,166.39,cat_1
1947,91.59,252.15,187.93,cat_2
1948,49.48,257.45,174.26,cat_3
1949,70.0,178.44,135.06,cat_4
1950,77.11,329.66,228.64,cat_0
1951,20.38,77.28,54.52,cat_1
1952,34.29,446.64,281.7,cat_2
1953,97.63,369.44,260.72,cat_3
1954,46.81,309.55,204.45,cat_4
1955,38.95,255.42,168.83,cat_0
1956,9.79,207.05,128.15,cat_1
1957,21.43,436.17,270.27,cat_2
1958,55.6,292.93,198.0,cat_3
1959,52.73,84.68,71.9,cat_4
1960,30.1,481.49,300.93,cat_0
1961,11.53,258.75,159.86,cat_1
1962,55.98,340.09,226.45,cat_2
1963,73.94,495.87,327.1,cat_3
1964,7.55,62.36,40.44,cat_4
1965,97.85,437.35,301.55,cat_0
1966,5.12,81.45,50.92,cat_1
1967,30.23,215.42,141.34,cat_2
1968,14.34,79.52,53.45,cat_3
1969,38.06,399.69,255.04,cat_4
1970,17.67,211.3,133.85,cat_0
1971,58.85,300.31,203.73,cat_1
1972,32.45,61.26,49.74,cat_2
1973,42.73,343.67,223.29,cat_3
1974,16.81,268.18,167.63,cat_4
1975,72.41,38.28,51.93,cat_0
1976,70.39,12.39,35.59,cat_1
1977,91.8,474.85,321.63,cat_2
1978,7.68,49.82,32.96,cat_3
1979,12.45,38.36,28.0,cat_4
1980,68.15,366.31,247.05,cat_0
1981,13.16,219.29,136.84,cat_1
1982,34.15,72.9,57.4,cat_2
1983,61.77,94.0,81.11,cat_3
1984,57.7,496.27,320.84,cat_4
1985,16.6,120.15,78.73,cat_0
1986,52.3,364.93,239.88,cat_1
1987,53.06,425.15,276.31,cat_2
1988,2.67,354.73,213.91,cat_3
1989,70.61,240.04,172.27,cat_4
1990,96.38,223.68,172.76,cat_0
1991,51.65,235.88,162.19,cat_1
1992,9.36,325.54,199.07,cat_2
1993,69.4,282.62,197.33,cat_3
1994,94.44,34.63,58.55,cat_4
1995,86.9,324.58,229.51,cat_0
1996,64.65,223.06,159.7,cat_1
1997,50.11,461.79,297.12,cat_2
1998,60.44,238.93,167.53,cat_3
1999,39.78,271.53,178.83,cat_4
